date_scraped,url,address,city,state,zip,price,beds,baths,half_baths,sq_ft,sqft_lot,acres_lot,status,price_sq_ft,on_realtor,type,built,style,description
3/12/19,https://www.realtor.com/realestateandhomes-detail/2706-Hector-St_Dallas_TX_75210_M75131-45094,2706 Hector St,Dallas,TX,75210,75000,3.0,,,1068,3354.0,,Active,70,2 days,Single Family Home,1939,,Property is currently leased tenant is on a month to month basis. Tenant is paying $900 a month.
3/12/19,https://www.realtor.com/realestateandhomes-detail/7929-Royal-Ln-Apt-205_Dallas_TX_75230_M86095-55282,7929 Royal Ln Apt 205,Dallas,TX,75230,139000,2.0,2.0,,976,,2.34,Active,142,2 days,Condo/Townhome/Row Home/Co-Op,1964,Traditional,"~Amamamazing Location!~ Cute, Cute, CUTE condo located in the heart of it all! Spacious, bright and beautifully maintained 2 bedroom, 2 bathroom Love Nest featuring newer A/C (2015), fresh designer paints & double hung windows (2016), fresh carpet (2019), bright & durable blonde wood laminates, crown molding, granite Kitchen countertops, full pantry, awesome storage with walk-ins in both bedrooms, bonus closet in Master BR & another closet in the hallway, BIG bedrooms (15’x12’ & 14’x11’!), charming built-ins, ensuite Master Bathroom with tub, updated oil-rubbed bronze fans, and so much more! Enjoy your Community Pool and self-managed HOA providing master insurance, hot water through a common broiler, lawn & pool maintenance, basic cable through Spectrum, trsh pickup & more! Supreme location with Northhaven Trail a few steps away & just minutes from 24-Hour Fitness, NorthPark Center, Royal Oaks Country Club, JCC, Moss Park, Top Golf, Central Market, Studio Movie Grill and tons more! Easy access to Central 75, Dallas North Tollway, LBJ 635, Uptown and Downtown! Whopportunity!"
3/12/19,https://www.realtor.com/realestateandhomes-detail/2739-Morning-Ave_Dallas_TX_75210_M72303-92461,2739 Morning Ave,Dallas,TX,75210,75000,3.0,,,984,4008.0,,Active,76,2 days,Single Family Home,1945,Traditional,Property is currently rented on month to month basis. Tenant pays 850.00 a month
3/12/19,https://www.realtor.com/realestateandhomes-detail/7330-Oakstone-Dr_Dallas_TX_75249_M74147-02812,7330 Oakstone Dr,Dallas,TX,75249,229900,4.0,2.0,,2083,6839.0,,Active,110,2 days,Single Family Home,1979,,"This completely updated home is the perfect 4 bedroom, 2 bathroom, with open concept in a perfect location to all the entertainment, with easy access to Hwy 67 or I-20. The updates include a new roof, new interior and exterior paint, new flooring throughout, new fencing, and a kitchen with all new stainless steel appliances, granite counter tops, and new cabinets. This home provides 2 living rooms with 2 patios for great BBQ entertaining with new french doors access to your backyard! This one offers everything you want for a move in ready home and lots of storage!"
3/12/19,https://www.realtor.com/realestateandhomes-detail/4625-Vandervort-Dr_Dallas_TX_75216_M76740-38890,4625 Vandervort Dr,Dallas,TX,75216,98500,2.0,,,1177,,0.36,Active,84,1 day,Single Family Home,1956,Traditional,GREAT INVESTMENT OR FIRST HOME SOME WORK NEEDED BUT PRICED TO SELL BRING ALL OFFERS TO BE SOLD 'AS IS'
3/12/19,https://www.realtor.com/realestateandhomes-detail/8246-Rayville-Dr_Dallas_TX_75217_M77194-82063,8246 Rayville Dr,Dallas,TX,75217,140000,3.0,,,1020,,0.3,Active,137,1 day,Single Family Home,1950,,This home as been updated and in very good condition. Open concept. Roof 2 yrs old. Large corner back yard. New storage shed. New paint. Updated bathroom. Beautiful flooring throughout the house. New driveway. So many updates.
3/12/19,https://www.realtor.com/realestateandhomes-detail/2700-Marburg-St_Dallas_TX_75215_M87570-33616,2700 Marburg St,Dallas,TX,75215,140000,3.0,2.0,,1204,7362.0,,Active,116,1 day,Single Family Home,1935,Contemporary,Welcome Home! This gorgeous renovated occupied home will stun you with it's modern and dazzling interior features. Home sits on a large lot with matured trees making it great for outdoor family entertainment. The hallway separates from the main living area giving private entry to the 3 bedrooms and 2 bathrooms. Open kitchen has lots of storage space and opens to dining area. The master bedroom is spacious with a full bath and walk in closet. Home is located in the heart of South Dallas making it convenient for any commute. Great investment opportunity or Primary residence. Do not disturb! AS-IS
3/12/19,https://www.realtor.com/realestateandhomes-detail/4334-Rawlins-St_Dallas_TX_75219_M79421-59368,4334 Rawlins St,Dallas,TX,75219,815000,3.0,2.0,1.0,3092,7623.0,,Active,264,1 day,Single Family Home,1927,Tudor,"Recharge your energy in this sparkling Perry Heights home. Live in perfect balance entertaining guests in a chef's dream kitchen that overlooks the spacious living room & pool oasis - a diamond in the heart of the city. Upstairs you'll find 3 bedrooms, along with an additional office, sunroom, or bonus space. Relax in the spacious master bedroom that offers treetop views, walk-out patio, large walk-in closets, private fireplace, & spa-like en-suite. This home boasts light filled rooms with new expansive windows, ornate crown moulding, & a separate wet bar. Located next to parks, popular Uptown & downtown attractions, & all major travel arteries. Check out the floor-plans & 3D Virtual Tour!"
3/12/19,https://www.realtor.com/realestateandhomes-detail/4030-Cedarbrush-Dr_Dallas_TX_75229_M78190-85184,4030 Cedarbrush Dr,Dallas,TX,75229,785000,4.0,3.0,,3202,,0.37,Active,245,1 day,Single Family Home,1961,Traditional,"Relax in this outdoor oasis complete with deck, fireplace, covered patio, fire pit and diving pool. Entertain guests outside or inside with this open floor plan. Allow the natural light to encompass you as you enter. Create a culinary explosion in the kitchen with the large center island, double ovens and six-burner gas cooktop. Now is the time to view this amazing home which is conveniently located near shopping, private and public schools and highways."
3/12/19,https://www.realtor.com/realestateandhomes-detail/18676-Park-Grove-Ln_Dallas_TX_75287_M79074-95744,18676 Park Grove Ln,Dallas,TX,75287,299900,3.0,2.0,,1415,7405.0,,Active,212,1 day,Single Family Home,1986,Traditional,"LOCATION, LOCATION, LOCATION! Gorgeous home in sought after North Dallas - Collin County with highly rated Plano schools. This home features 3 bedrooms, 2 baths and impressive entry with high beamed ceilings and tile floors. Beautiful mature landscaping throughout the property. Perfect for entertaining in the outdoor oasis living area with a resort style pool. Close proximity to shopping, restaurants, parks and major highways. This beauty will not last. Welcome home!"
3/12/19,https://www.realtor.com/realestateandhomes-detail/4175-Midrose-Trl_Dallas_TX_75287_M81135-11442,4175 Midrose Trl,Dallas,TX,75287,339900,3.0,2.0,1.0,2131,3920.0,,Active,160,1 day,Single Family Home,1995,Traditional,"Awesome location close to everything, well cared for and maintained garden home is less than a mile from Dallas Toll way and Bush Toll way and is Plano ISD. 2017 new roof, downstairs AC, Exterior & Interior paint, tile in both baths and upstairs AC replace in 2015. This home is very neutral so you can make it your own, high ceilings, island kitchen and white cabinets, gas stove, beautiful large windows making this home light and bright. Downstairs features 2 living areas & 2 dining areas & a half bath. Upstairs 3 bed 2 baths and a loft office space. New Orleans style courtyard with deck to enjoy your morning coffee or a cool evening. You need to see this one."
3/12/19,https://www.realtor.com/realestateandhomes-detail/6035-Boca-Raton-Dr_Dallas_TX_75230_M74860-76722,6035 Boca Raton Dr,Dallas,TX,75230,699500,3.0,2.0,1.0,2822,,0.34,Active,248,1 day,Single Family Home,1954,Ranch,"House has not been lived in in 30-40 yrs; House & Lot Sold As-Is, Where-Is; Owners will not fix anything; Sellers do not have any knowledge about the existing condition other than a new roof & garage door were replaced on the home in 2017; All reasonable offers will be reviewed. Showings by Apt Only, No Exceptions."
3/12/19,https://www.realtor.com/realestateandhomes-detail/10871-Yorkspring-Dr_Dallas_TX_75218_M74107-19911,10871 Yorkspring Dr,Dallas,TX,75218,409999,4.0,3.0,1.0,2665,,0.27,Active,154,1 day,Single Family Home,1969,Prairie,"Amazing home in sought after Lochwood Meadows. Great curb appeal and has been meticulously maintained by one owner for the last 26 years. Large Master bedroom and separate MIL suite, or private study off the kitchen. Water lines replaced in 2010, AC and Heating replaced in 2015, outside electrical panel replaced in in 2015. Granite counters in kitchen. New ventahood, oven, dishwasher, sink, and hot water dispenser in 2017. Easy access to White Rock Lake, dining, and shopping. Must see home in a beautiful neighborhood. Pictures coming soon."
3/12/19,https://www.realtor.com/realestateandhomes-detail/3241-Whispering-Oak_Farmers-Branch_TX_75234_M88555-90937,3241 Whispering Oak,Farmers Branch,TX,75234,249500,3.0,2.0,,1826,3223.0,,Active,137,1 day,Single Family Home,1974,,"It's finally here - an absolutely stunning one-story property in the well established, highly sought after Oakbrook community in Farmers Branch! This beautiful home has been incredibly well maintained with updates throughout the entirety - from the roof to the siding, brand new Pella windows and doors, hot water heater, AC, incredible remodeled kitchen, the most adorable utility room - the list goes on and on! The home has been meticulously cared for with only the best of finishes! The rooms are HUGE with a ton of space, great storage, and the entire property is beautifully laid out. The home feels super private and in a world of its own with large brick exterior privacy fencing. View this perfect home today!"
3/12/19,https://www.realtor.com/realestateandhomes-detail/5504-Emerson-Ave_Dallas_TX_75209_M71738-39207,5504 Emerson Ave,Dallas,TX,75209,1100000,5.0,3.0,1.0,4342,9670.0,,Active,253,1 day,Single Family Home,1951,Traditional,"Classic, sophisticated Greenway Crest home on corner lot. Hardwoods throughout, plantation shutters, fresh paint and pretty millwork. Kitchen has newly painted cabinets, white marble counters, stainless steel appliances. All baths are beautifully updated. Excellent floor plan with all bedrooms up and tons of storage throughout. Attached quarters offers 5th bed, full bath, kitchenette, living, dining and would make a perfect nursery, mother in law suite, nanny's quarters. While quarters is accessible from the main home, it has a private entry as well by utilizing one of three staircases. Large backyard with outdoor kitchen, good shade trees and tons of grass. Oversized 2 car garage has plenty of storage space."
3/12/19,https://www.realtor.com/realestateandhomes-detail/2725-Hood-St-Apt-106_Dallas_TX_75219_M70847-73543,2725 Hood St Apt 106,Dallas,TX,75219,218000,,,,791,,0.73,Active,276,1 day,Condo/Townhome/Row Home/Co-Op,1969,,"Very Private, Renovated Condo In Mansion Park. Has An Interesting Natural Wood Wall For Accent, Brick Wood Burning Fireplace, Cozy Private Patio and A Great Community Pool With A Patio Area. All Appliances Stay Including The Combo Washer & Dryer, This Special Find Won't Last Long. Owner is a Real Estate Agent."
3/12/19,https://www.realtor.com/realestateandhomes-detail/2626-Alden-Ave_Dallas_TX_75211_M85070-82716,2626 Alden Ave,Dallas,TX,75211,294999,3.0,2.0,,1423,8102.0,,Active,207,1 day,Single Family Home,1958,Traditional,"Newly remodeled home offers many possibilities with 3 bedrooms, 2 bathrooms, 2 car garage and a specious backyard. Conveniently located within minutes from Bishop Arts and downtown Dallas. Numerous updates include refinished of beautiful original hard wood floors throughout, stainless steel appliances, kitchen granite countertops, baths with new flooring and new vanities, fresh interior & exterior paint, new fence and new Garage door. Home is move-in ready."
3/12/19,https://www.realtor.com/realestateandhomes-detail/11835-Brookhill-Ln_Dallas_TX_75230_M75245-41992,11835 Brookhill Ln,Dallas,TX,75230,998000,4.0,4.0,1.0,3640,4138.0,,Active,274,1 day,Single Family Home,2000,Traditional,"This traditional home is a wonderful opportunity to get into the prestigious Lake Forest gated community. Well-built & well-maintained, wonderful location, with an excellent floor plan. Downstairs master and study, a spacious, kitchen for any chef, hardwood floors, granite, wet bar, formal dining & a guest suite or extra living room with separate stairs, not on the tax roll., Amenities include 24 hour manned access gates, walking & jogging trail, landscaped grounds with swan ponds, community swimming pool and clubroom, tennis courts & dog park."
3/12/19,https://www.realtor.com/realestateandhomes-detail/4106-Newton-Ave-Apt-109_Dallas_TX_75219_M86604-34118,4106 Newton Ave Apt 109,Dallas,TX,75219,169900,,,,661,,0.38,Active,257,1 day,Condo/Townhome/Row Home/Co-Op,1985,Traditional,"Top floor condo with high ceilings, oak hardwood floors in a small community conveniently located in N Oak Lawn and very close to Highland Park. Walk your dog along the quiet streets. Cute condo could be a great rental investment or all yours. Light and bright with lots of windows, and a walk in closet. Gated community with covered secured parking too. Nice home at a great price!"
3/12/19,https://www.realtor.com/realestateandhomes-detail/4528-Roland-Ave-Apt-B_Dallas_TX_75219_M83956-86866,4528 Roland Ave Apt B,Highland Park,TX,75219,999000,3.0,3.0,1.0,3251,,0.24,Active,307,1 day,Condo/Townhome/Row Home/Co-Op,2008,French,"Stunning French-style Townhome in Highland Park. This 3-story townhome consists of 3 bedrooms, 3 and a half baths, an elevator, balcony, and small yard with included patio. Large master bedroom with sitting area, his-and-hers closets, with other bedrooms being ensuite. Open concept living and dining area adjacent by gourmet chef's kitchen with marble countertops, stainless appliances, hardwood floors, wet bar, and wine cooler. Accessibly located to Whole Foods, Dallas North Tollway, Uptown, and Downtown."
3/12/19,https://www.realtor.com/realestateandhomes-detail/3101-Amherst-Ave_Dallas_TX_75225_M88277-74341,3101 Amherst Ave,University Park,TX,75225,2650000,5.0,5.0,1.0,5657,9583.0,,Active,468,1 day,Single Family Home,2018,,Nice sized 70x140 corner lot in University Park. Beautiful new construction by well know architect Tom Reisenbichler and NEST Homes. Designed to appeal to a homeowner with luxury & sustainability in mind while blending high quality details with functional living efficiencies. This home has 5 large beds with 5.2 baths and is flanked with a large 3 car garage. With 5600+ sq feet of living space this home also offers an additional large back patio. This stunning modern design with transitional touches make this home complete.
3/12/19,https://www.realtor.com/realestateandhomes-detail/5719-Lindell-Ave-B_Dallas_TX_75206_M72519-54276,5719 Lindell Ave Unit B,Dallas,TX,75206,475000,2.0,2.0,2.0,2096,7187.0,,Active,227,1 day,Condo/Townhome/Row Home/Co-Op,2019,Contemporary,"5719 Lindell is the development you've been waiting for! From it's striking stucco and metal exterior, to it's fourth floor entertainment space equipped with wet bar, half bath and expansive terrace, these units have it all! Light and bright kitchen featuring stainless Bertazzoni appliances, white quartz countertops, and eat-in island opens to large living room with expansive windows and private balcony. Master retreat features double sinks, luxurious shower with rainhead faucet, and BIG closet with built ins. Gorgeous oak hardwoods throughout, no carpet. Walking distance to all that lower Greenville has to offer!"
3/12/19,https://www.realtor.com/realestateandhomes-detail/1722-S-Beckley-Ave_Dallas_TX_75224_M73938-48589?ex=TX643051099,1722 S Beckley Ave,Dallas,TX,75224,329900,4.0,4.0,,2368,7449.0,,Active,139,2 days,Single Family Home,1925,Craftsman,"THE BARN DOOR HOUSE WITH 3 EN SUITES! Honey Stop the Car! Located in the quintessential Beckley Club Estates, this neighborhood has been named one of the 10 Best N. Texas neighborhoods in 2017 by D Magazine. Situated within rolling hills, mature trees and free roaming peacocks. This home has been extensively renovated in 2018 with a modern touch. Barn doors, media room, island in kitchen, floating shelves, fireplace, large game room, large porch, his and her's closets, stand along soaking tub in master, porcelain sink in kitchen and vessel marble sinks with quartz countertops in kitchen. Soft close cabinets with much more."
3/12/19,https://www.realtor.com/realestateandhomes-detail/3216-Casino-Dr_Dallas_TX_75224_M82843-99115,3216 Casino Dr,Dallas,TX,75224,120000,3.0,,,1028,,0.24,Active,117,2 days,Single Family Home,1950,Ranch,"Cute drive-up appeal, large back yard with wood shed out back. Lots of possibilities with that.Backyard has gate and pull in fora vehicle. Modest sized bedrooms with good size closets and a walk in closet in the hallway. Solid wood floors through out. This home is being sold as is. It will need work. Close to shopping, restaurants and schools with I35 a couple miles off make this a wonderful location for a start up, flip or rental property. Have your agent verify schools and room measurements"
3/12/19,https://www.realtor.com/realestateandhomes-detail/10631-Wessex-Dr_Dallas_TX_75217_M81177-95681,10631 Wessex Dr,Dallas,TX,75217,167900,3.0,1.0,1.0,1416,3746.0,,Active,119,2 days,Single Family Home,1985,,"This home's vivid exterior color was inspired by Cape Cod design and provides an immense amount of curb appeal. Calming crisp gray color tones used throughout the interior. This firecracker is loaded with quality finishes: Pietra Gray Quartz kitchen counters, white hexagon backsplash, wood look tile, marble look tile around the fireplace and charcoal colored new roof shingles!Other New Features: water heater, internal HVAC (air handler), insulated window panes, modern cabinets, brand name appliances, carpet and rear sliding gate. This home is conveniently located across the street from Kensington Park! Buyer and Buyer's Agent to verify sq footage, dimensions, schools and all information contained herein."
3/12/19,https://www.realtor.com/realestateandhomes-detail/7152-Fair-Oaks-Ave-Apt-1144_Dallas_TX_75231_M80356-57172,7152 Fair Oaks Ave Apt 1144,Dallas,TX,75231,75000,,1.0,1.0,722,,8.74,Active,104,2 days,Condo/Townhome/Row Home/Co-Op,1975,,"Charming , ground floor, one bedroom loft style condo. Convenient location, just minutes to Central Expressway. Great living area with fireplace and access to a private patio. Kitchen has bar style opening to the dining and living area. Washer dryer connections are conveniently placed in the kitchen area. Updated half bath downstairs with granite countertops. Upstairs you will find a spacious loft style bedroom with a private full bath. Come make this cute condo your own !!"
3/12/19,https://www.realtor.com/realestateandhomes-detail/8629-Vista-Grande-Dr_Dallas_TX_75249_M74354-08277,8629 Vista Grande Dr,Dallas,TX,75249,219500,3.0,2.0,,1646,5401.0,,Active,133,2 days,Single Family Home,2006,,"Ready to move in single story home that has been updated with new granite, fresh paint and flooring. Spacious open living area with fireplace and high ceiling. other features include the open kitchen and dining area that are divided by breakfast bar. The Master bedroom is split from other bedrooms and includes a tub and separate shower, walk-in closet. Nice size secondary bath. Covered patio. Community offers pool, playground, walking paths! Convenient to shopping and freeways!"
3/12/19,https://www.realtor.com/realestateandhomes-detail/2359-Great-Light-Dr_Dallas_TX_75228_M70507-66705,2359 Great Light Dr,Dallas,TX,75228,210000,4.0,3.0,,1826,5619.0,,Active,115,2 days,Single Family Home,2006,,"Well maintained home! Wide open kitchen-living-dinning room greets you upon arrival. Large backyard with covered and enclosed patio to enjoy. Refrigerator, washer and dryer will stay with the house. Great house for the Price."
3/12/19,https://www.realtor.com/realestateandhomes-detail/10455-Ferguson-Rd_Dallas_TX_75228_M74289-56255,10455 Ferguson Rd,Dallas,TX,75228,165000,3.0,,,966,7405.0,,Active,171,2 days,Single Family Home,1952,Traditional,"This features 3 bedrooms and 1 bathroom in the desirable Casa View HIll neighborhood. Come get out this great value buy! Please note, House is sold As-Is. Seller will make no repairs. Information provided in the listing is to the best of the seller's knowledge; buyer to verify all information. Title is open at Republic Title of Richardson"
3/12/19,https://www.realtor.com/realestateandhomes-detail/2924-Renaissance-Cir_Dallas_TX_75287_M80527-67956,2924 Renaissance Cir,Dallas,TX,75287,245000,2.0,2.0,1.0,1476,3485.0,,Active,166,2 days,Single Family Home,1992,Traditional,"Move in Ready & 2 mins to GBT! Step into light & bright Living Rm with soaring ceilings, warm wood floors, & cozy brick fireplace. Spacious eat in Kitchen open to Living Rm features quality granite, stainless steel appliances, breakfast bar, & lots of storage & counter space. Powder Rm & full sized utility area off Kitchen. Private backyard with upgraded BOB cedar privacy fence has open deck, garden shed & lovely landscaping. Second Living Rm Loft upstairs has lots of light & updated ceiling fan. Large Master Suite features vaulted ceiling with fan, updated Private spa like bath with dual sinks, soaking tub, & stand up shower. Spacious BedRm 2 has large closet & Hall bath access. See 3D Virtual Walk thru!"
3/12/19,https://www.realtor.com/realestateandhomes-detail/1007-N-Edgefield-Ave_Dallas_TX_75208_M78912-74389,1007 N Edgefield Ave,Dallas,TX,75208,569000,4.0,3.0,,2213,7754.0,,Active,257,2 days,Single Family Home,1925,Tudor,"Updated Kessler Park home! Home offers an impressive list of details throughout including a covered front porch that welcomes you and opens the light-filled living room with built-ins and a romantic fireplace. Updated eat-in kitchen with a tin ceiling, glass-front cabinets granite counters, double ovens, new cooktop, conveniently adjoins both the dining room and den. Large master suite with private bath and walk-in closet. List of features includes new roof, fresh paint throughout, a backyard oasis with pool, spa, storage shed and fenced green space. This home offers great potential to expand to the 2nd floor unfinished attic space. A great opportunity to make this your home! Rosemont elementary district."
3/12/19,https://www.realtor.com/realestateandhomes-detail/10323-Pensive-Dr_Dallas_TX_75229_M74961-35897,10323 Pensive Dr,Dallas,TX,75229,495000,5.0,3.0,,2500,,0.26,Active,198,2 days,Single Family Home,1966,,"This immaculate, professionally designed modern home features double master bedrooms, 3 guest suites and 3 full bathrooms. The open layout and the generous living space makes you feel at home immediately. The Galley Kitchen features a 12ft quartz countertop which is perfect for entertaining guests. The lot dimensions are 76 ft x 150 ft, over a quarter acre lot! The Gorgeous, landscaped backyard boasts a covered patio, a pergola and a spectacular swimming pool! This can literally be your own private outdoor oasis!"
3/12/19,https://www.realtor.com/realestateandhomes-detail/3129-Trevolle-Pl_Dallas_TX_75204_M85557-41184,3129 Trevolle Pl,Dallas,TX,75204,425000,3.0,2.0,1.0,2047,3398.0,,Active,208,2 days,Single Family Home,1980,,"Charming home in Bryan Place near downtown Dallas. Large living room with fireplace and wet bar open to formal dining with lots of natural light. Kitchen features breakfast area and lots of cabinetry. Laundry room off kitchen. Long hallway off entry leads to half bath and downstairs master bedroom. Master bedroom features two walk in closets, large bath with separate tub and shower and double sinks. Outdoor patio off master bedroom with board on board fence and nice landscaping. Two bedrooms upstairs with large closets and full bath. New paint inside and out. Don't miss this little gem in a precious neighborhood near downtown Dallas!"
3/12/19,https://www.realtor.com/realestateandhomes-detail/6-Duncannon-Ct_Dallas_TX_75225_M88976-29794,6 Duncannon Ct,Dallas,TX,75225,1050000,4.0,3.0,2.0,3610,6273.0,,Active,291,2 days,Single Family Home,1981,Traditional,"Glen Lakes Gem! Hard to find 4 bedroom home, on quiet cul de sac. Updated & reconfigured by architect David Merritt, the open floor plan is perfect for everyday living. Oversized downstairs master suite, & two addtional bedrooms on the 1st floor. The 4th bedroom suite, on second floor, could be second master, office, or guest suite. Wet bar w wine refrigerator, top of the line kitchen appliances, laundry room with sink and storage. Open patio and yard is nice for entertaining, cookouts, & pets. One of the best locations in Dallas! Near I-75, Northpark, & Presby. Hospital. Access to beautiful walking paths, ponds, dog park, playground on the property. 24 Hr. security guard at gated entrance."
3/12/19,https://www.realtor.com/realestateandhomes-detail/2960-Phyllis-Ln_Farmers-Branch_TX_75234_M89192-06071,2960 Phyllis Ln,Farmers Branch,TX,75234,549900,3.0,2.0,2.0,4133,9757.0,,Active,133,2 days,Single Family Home,2012,English,"Custom Built 2013 by luxury home builder Todd Bonneau. Transitional Tudor in sought after Farmers Branch. Arched doorways, high ceilings, hardwood floors and neutral palette throughout. Gourmet kitchen with gas cook top, double ovens, farm sink, granite counters, oak butcher block topped Island. Chic wet bar in the family room. Great for entertaining friends and family. Plenty of storage, walk in closets and large butlers pantry. BONUS ROOM! @ 1400 s-f with bath, heated and cooled, can be converted into quarters, DS Master suite or great room. See Renditions in MLS. ENERGY EFFICIENT, low electric bills thanks to insulated exterior walls, @20 inches of attic insulation, all duct work coated with foam"
03/12/2019,https://www.realtor.com/realestateandhomes-detail/4512-Southern-Ave_Dallas_TX_75205_M78272-29795,4512 Southern Ave,Highland Park,TX,75205,1699999,4,3,1,3102,7449,,Active,548,2 days,Single Family Home,1936,French,"Beautiful recent remodel 4 bedrooms, 2 car garage, large driveway and oversized parking, 3.5 spacious bathroom, and built in cabinets, walk in closets, huge family room, computer station. Gourmet kitchen, Thermador and GE appliances, bar with wine cooler. Wood floor down, upgrade carpet upstairs, fireplace. Located in walking distance to Bradfield Elementary, Highland Park Village and minutes from Downtown. Information provided is deemed reliable, but is not guaranteed and should be independently verified. Buyer or buyer's agent to verify Tax, schools and measurements, restrictions, etc."
03/12/2019,https://www.realtor.com/realestateandhomes-detail/4310-Buena-Vista-St-Apt-28_Dallas_TX_75205_M82472-51756,4310 Buena Vista St Apt 28,Dallas,TX,75205,420000,2,2,1,1707,,1.3,Active,246,2 days,Condo/Townhome/Row Home/Co-Op,2000,Contemporary,"You'll love this 2 BDRM, 2.5 BTH townhome conveniently located on a quiet street just minutes from Knox Henderson and the Katy Trail. This 3-story end-unit townhome features abundant natural light, hardwood flooring, 2 guest parking spaces and an open floor plan, providing a seamless transition between the kitchen, dining and living room. The kitchen comes well equipped with stainless steel appliances, granite countertops, a gas range, center island and breakfast bar. The spacious master suite offers a luxurious ensuite bathroom with walk-in closet, double-sink vanity, jetted soaking tub and separate shower. Adjacent to the master suite is a comfortable secondary bedroom with ensuite bath. See the 3D tour!"
03/12/2019,https://www.realtor.com/realestateandhomes-detail/Blanco_Shady-Oaks_14114-Greenhaw-Ln_Dallas_TX_75253_P412837052526,Shady Oaks - Blanco 14114 Greenhaw Ln.,Dallas,TX,75253,184900,3,2,,1316,,,Active,141,2 days,single_family,,,"The gorgeous Blanco floor plan can be found in the beautiful community of Shady Oaks.. This brand new home features an open layout, 3 bedrooms and 2 full baths complete with over $10,000 in upgrades including energy efficient appliances, spacious countertops, designer wood cabinets, center kitchen island, brushed nickel hardware and an attached two car garage. The Blanco showcases a master suite complete with a large walk-in closet. Included in this home is also a covered patio, fully-fenced backyard and beautifully landscaped front yard. The family-friendly community of Shady Oaks features several walking trails and will have a future park with picnic areas and a playground."
03/12/2019,https://www.realtor.com/realestateandhomes-detail/2606-Marburg-St_Dallas_TX_75215_M87297-92212,2606 Marburg St,Dallas,TX,75215,100000,5,2,,,7405,,Active,No Info,2 days,Multi-Family Home,1926,,Nice Duplex occupied tenant on month to month lease. Both units rent for $1650 (800.00 & 850.00) seller pays utilities.
03/12/2019,https://www.realtor.com/realestateandhomes-detail/5435-Westside-Dr_Dallas_TX_75209_M70186-36003,5435 Westside Dr,Dallas,TX,75209,659900,3,2,,2037,8973,,Active,324,2 days,Single Family Home,1953,Traditional,"Entertain in style in this hip & whimsical home in W. Highland Park! Enter into a gorgeous interior courtyard with pro-lighting for those spring & summer parties. Patio doors lead from the courtyard into both the living areas & kitchen. Home chefs will adore the professional grade range & high-end appliances in the smartly remodeled kitchen. For more formal occasions, enjoy the large dining room which opens into the living areas. The bedrooms are spacious with ample closet storage. Master bath is appointed in luxurious Carrara Marble. A charming screen porch adjoins the master suite. Recent updates: refinished HWDS, interior & exterior paint, pro-landscaping & more! Amazing value for the area - Hurry!"
03/12/2019,https://www.realtor.com/realestateandhomes-detail/3421-Granada-Ave_Dallas_TX_75205_M83368-01815,3421 Granada Ave,University Park,TX,75205,759000,3,2,1,2494,3877,,Active,304,2 days,Single Family Home,1984,Traditional,"Traditional SFA in HPISD, with convenient access to both HPISD elementary and middle schools, and SMU. Classic elegance can be found in this easy to maintain home with 12' ceilings downstairs, 2 living areas and a formal dining room plus breakfast room. Upstairs enjoys a light-filled corner master bedroom with 2 walk in closets plus two additional bedrooms sharing one bath. The master bath has a skylight and dual vanities. A charming patio off the family room, accessed by french doors, is a perfect spot for morning sun and the mature trees in the front yard add Texas charm to the property. Buyer and Buyer's agent to verify all information listed including sq ft, taxes, schools, features, etc."
03/12/2019,https://www.realtor.com/realestateandhomes-detail/Medina-II_University-Place_7946-Sunflower-Ln_Dallas_TX_75252_P412786009788,University Place - Medina II 7946 Sunflower Lane,Dallas,TX,75252,487999,4,3,,2167,,,Active,225,2 days,single_family,,,"The Medina II, with a soaring, breathtaking arched entryway, opens to a classic foyer that leads to a four-bedroom, three-bath design brimming with sophistication, charm and flexibility.. Off the foyer, the formal dining room can be an optional study or a fifth bedroom and the other bedroom can be optioned as a second private study or sitting room. Also tucked off the hallway, the master suite features a lavish master bath with his-and-hers vanities and a separate soaker tub and shower. The generous family room, which flows into the island kitchen and breakfast nook, includes a fireplace and overlooks the covered patio. *Square Footage subject to change due to optional rooms.*"
03/12/2019,https://www.realtor.com/realestateandhomes-detail/Devaney_Parkside-at-Trinity-Green-Gardens_1193-Tea-Olive-Ln_Dallas_TX_75212_P412946455231,Parkside at Trinity Green - Gardens - Devaney 1193 Tea Olive Lane,Dallas,TX,75212,410990,3,2,1,1444,,,Active,285,2 days,single_family,,,"Award-winning Garden Homes are now being built in Parkside at Trinity Green! With a Central Living by David Weekley home, youll love where you live in this revitalized urban community. Located in Trinity Groves at the western end of the Margaret Hunt Hill Bridge in Dallas, embrace a luxurious, low-maintenance lifestyle in a three-story, single-family home.In Parkside at Trinity Green  Gardens, youll enjoy a prime, walkable location and nearby shopping, dining and entertainment, along with:Easy access to I-35 East, I-45 and I-30Proximity to Uptown Dallas, downtown, Medical District, Design District and Bishop Arts DistrictUnique floor plans and architectural elementsNear Dallas Museum of Art, American Airlines Center, House of Blues Dallas and Dallas World AquariumWalking distance to community park and green space, theRonald Kirk Bridge and the Felix H. Lozada, Sr. Gateway, Babb Brothers BBQ & Blues & much more!"
03/12/2019,https://www.realtor.com/realestateandhomes-detail/60'-York-R-@-MC_Mercer-Crossing-West_1796-Prescott-Pl_Farmers-Branch_TX_75234_P415110723721,Mercer Crossing West - 60' York R @ MC 1796 Prescott Place,Farmers Branch,TX,75234,492950,4,3,1,2567,,,Active,192,2 days,single_family,,,"This single story 4 bedroom 3 bathroom plan offers a study and powder room, as well as a covered backyard patio, perfect for outdoor relaxation.. Enjoy a spacious gourmet kitchen as well as a large pantry, dual vanities in the master bathroom and a generous walk in master closet. Additional features include extensive trim work, custom architectural detail throughout, tile floors in all wet areas, gutters, security system and so much more!Dont forget, with every First Texas, Gallery Custom or Harwood Home you will have the flexibility to customize our plans to fit your family perfectly."
03/12/2019,https://www.realtor.com/realestateandhomes-detail/1669-Westerham-Dr_Dallas_TX_75232_M86938-52619,1669 Westerham Dr,Dallas,TX,75232,99000,2,2,1,1408,3006,,Active,70,2 days,Condo/Townhome/Row Home/Co-Op,1985,,"Townhouse in HOA Community Near W. Camp Wisdom and S. Hampton Road Featuring 2 Bedrooms, 2.5 Baths, 2 Car Garage, All Electric, Range, Dishwasher, Full-Size Washer and Dryer Connections and Small Outside Storage. (Townhouse Sold As Is)"
03/12/2019,https://www.realtor.com/realestateandhomes-detail/3306-Crossman-Ave_Dallas_TX_75212_M78170-47449,3306 Crossman Ave,Dallas,TX,75212,234000,2,,,748,7013,,Active,313,2 days,Single Family Home,1941,,"Nice Property located close to Downtown Dallas, close to restaurants, walking trails, and plenty of new development. Property ideal for NEW CONSTRUCTION."
03/12/2019,https://www.realtor.com/realestateandhomes-detail/3217-Wake-St_Dallas_TX_75212_M70114-23561,3217 Wake St,Dallas,TX,75212,288000,2,,,922,5401,,Active,312,2 days,Single Family Home,1952,,"Nice home close to Downtown Dallas, Located close to the river and great for new development."
03/12/2019,https://www.realtor.com/realestateandhomes-detail/6006-Palo-Pinto-Ave_Dallas_TX_75206_M85013-51985,6006 Palo Pinto Ave,Dallas,TX,75206,785000,3,3,1,3415,8451,,Active,230,2 days,Single Family Home,2002,Tudor,"Fabulous move-in ready home in one of Dallas' best neighborhoods! Freshly repainted throughout. Open floorplan kitchen and living area looks out on a beautifully landscaped large park-like backyard. Kitchen includes ample pantry, updated backsplash and butlers pantry. A gated wine closet flanks the dining room. Downstairs master with huge walk in closet. Upstairs there are two bedrooms with en-suite baths and a oversized media room with built in cabinets and wet bar. Rare in this area is a large air conditioned storage room with walk in attic access. This is a great opportunity to live midway between the best of Lower Greenville night life and Tietze Park with its new pool coming this spring."
03/12/2019,https://www.realtor.com/realestateandhomes-detail/9739-Mixon-Dr_Dallas_TX_75220_M87564-58180,9739 Mixon Dr,Dallas,TX,75220,999000,4,4,1,3788,7144,,Active,264,2 days,Single Family Home,2019,Contemporary,"Prepare to be in awe over the newest Avant Group offering in Midway Hollow. This modern+smart home has an open plan living area & kitchen, statuary quartz, custom cabinets, smart lighting, Bertazzonni appliance package, 3D geometric backsplash, stylish lighting and loads of natural light. The master boasts a wooden feature wall and a spa like bathroom with enormous closet. Upstairs you'll find the other 3 beds, 3 baths & game room leading out to the wonderful sundeck perched to overlook the yard that is begging for a pool. All the windows are pre-wired for automatic shades, that will work with the Crestron Smart Home System."
03/12/2019,https://www.realtor.com/realestateandhomes-detail/3050-S-Ewing-Ave_Dallas_TX_75216_M72154-14701,3050 S Ewing Ave,Dallas,TX,75216,139000,3,,,1132,8799,,Active,123,3 days,Single Family Home,1945,,"This beautiful cottage has been updated throughout. All updates done in 2016: windows, siding, electrical, tankless water heater, 3.5 ton furnace, drywall, crown molding, baseboards, hand texture, recess lighting, paint interior and exterior, light fixtures and ceiling fans, kitchen cabinets, countertops, backsplash, sink, toilet and sink & electrical wiring. Roof was done in 2014. The color scheme is absolutely beautiful and your buyers will fall in love with such detailed planning of the layout."
03/12/2019,https://www.realtor.com/realestateandhomes-detail/8415-Blue-Bonnet-Rd_Dallas_TX_75209_M74138-44472,8415 Blue Bonnet Rd,Dallas,TX,75209,865000,3,2,,2861,,0.35,Active,302,3 days,Single Family Home,1938,,"A family room with cathedral ceiling overlooks a spacious garden in this appealing brick cottage that once belonged to Tom Landry. Three living areas and a separate study-exercise room create comfortable spaces. Wood floors, 2 skylights in the kitchen, floor to ceiling windows in sunroom and family room, plantation shutters, Viking gas stove, built-in surround sound speakers, solar shades, tankless water heater, mud room with built-in storage, and walk-out to the garden are just some of the special features. A mature garden with lit trees creates a private bird sanctuary where bluejays, cardinals, and others feed and chirp all year long. Close to Love Field, Central Market on Midway, Tollway. Location + charm."
03/12/2019,https://www.realtor.com/realestateandhomes-detail/17860-Windflower-Way_Dallas_TX_75252_M86423-62244,17860 Windflower Way,Dallas,TX,75252,216000,2,2,1,1297,,1.73,Active,167,3 days,Condo/Townhome/Row Home/Co-Op,1985,Traditional,"Location, location, location! This well maintained corner unit offers 2 bedrooms, 2.1 bathroom, and is nestled among mature landscaping. Once inside you'll be greeted with vaulted ceilings, built-in bookshelves both in living and dining room. Spacious kitchen with separate utility room, sunny breakfast room with additional storage. Upstairs offers 2 large bedrooms each with it's own private bath. Master features 3 closets. Private patio is perfect for outdoor entertaining. Plano ISD."
03/12/2019,https://www.realtor.com/realestateandhomes-detail/5881-Preston-View-Blvd_Dallas_TX_75240_M84763-36998,5881 Preston View Blvd Apt 160,Dallas,TX,75240,120000,,,,925,,6.13,Active,130,3 days,Condo/Townhome/Row Home/Co-Op,1968,,"Newly remodeled condo in a FANTASTIC location! The kitchen has granite countertops and modern tile backsplash. Flooring in the living room is wood-like tile. One year old carpet upstairs in the bedroom. Granite countertop added to bathroom. 3 large closets in condo for extra storage space. An additional storage closet outside. Water included in HOA fees! Close to the large community pool. Condo is within a few miles of major highways and tollroads.. Several shopping centers, restaurants, gyms, and the Dallas Galleria all walking distance. Right next to the future home of the Dallas Midtown District!!!"
03/12/2019,https://www.realtor.com/realestateandhomes-detail/10548-Stone-Canyon-Rd-H129_Dallas_TX_75230_M89103-85077,10548 Stone Canyon Rd Apt 129,Dallas,TX,75230,139000,2,2,,1141,,10.4,Active,122,3 days,Condo/Townhome/Row Home/Co-Op,1970,Traditional,"Two bedroom condo in super convenient location near lots of restaurants and shopping. This downstairs unit has a large living and dining area, wood burning fireplace, walk in closets, bring your contractor or decorating ideas to make this place home! HOA covers all utilities, blanket insurance, exterior maintenance, front yard maintenance, and common areas. Lots of potential!"
03/12/2019,https://www.realtor.com/realestateandhomes-detail/522-Brook-Valley-Ln_Dallas_TX_75232_M76254-65868,522 Brook Valley Ln,Dallas,TX,75232,274900,4,2,,1920,,0.27,Active,143,3 days,Single Family Home,1962,Traditional,"Charming 2 story 4 BEDROOM POOL home in Dallas! This lovely abode features a new roof, fresh exterior paint, plush carpet, rich flooring, updated fixtures, and more! Upon entering, the dining area greets you to your right and flaunts a stylish chandelier! Living room flows seamlessly with kitchen and features a cozy fireplace! Kitchen boasts brand new stainless steel appliances, granite counter tops, and ample cabinet space! Master bedroom is spacious and features a beautiful Master bath! Don't forget to make a splash in the backyard! It showcases a sparkling pool, perfect for those warmer months! Additional perks include a bonus room upstairs and a 2 car attached garage! This gem truly has it all!"
03/12/2019,https://www.realtor.com/realestateandhomes-detail/5200-Keller-Springs-Rd-Apt-1137_Dallas_TX_75248_M78819-71019?ex=TX643015907,5200 Keller Springs Rd Apt 1137,Dallas,TX,75248,275000,2,2,,1685,,7.6,Active,163,3 days,Condo/Townhome/Row Home/Co-Op,1981,Traditional,"The pictures say it all. Done to the max with beautiful paneling and dental molding, wood floors in LR & DR, granite counters and floors in baths and kitchen counters. One of the best views from all windows. This one cannot be beat! Also for lease at $2200"
03/12/2019,https://www.realtor.com/realestateandhomes-detail/429-Highcrest-Dr_Dallas_TX_75232_M82417-90141,429 Highcrest Dr,Dallas,TX,75232,129900,3,,,1383,8102,,Active,94,3 days,Single Family Home,1956,Traditional,"LOCATION, LOCATION, LOCATION!!! HOME HAS GOOD BONES WITH SOLID FOUNDATION AND A HUGE YARD.COME ADD YOUR FINISHING TOUCHES. Home does require the roof and some repairs, motivated seller. investors are welcome."
03/12/2019,https://www.realtor.com/realestateandhomes-detail/2615-San-Paula-Ave_Dallas_TX_75228_M75298-76096,2615 San Paula Ave,Dallas,TX,75228,180000,3,,,1108,7667,,Active,162,3 days,Single Family Home,1953,,"OWNER FINANCE OPPPRTUNITY! Charming home offers original hardwood floors, stainless appliances and oversized backyard."
03/12/2019,https://www.realtor.com/realestateandhomes-detail/614-Edgedale-Dr_Dallas_TX_75232_M71993-39781,614 Edgedale Dr,Dallas,TX,75232,169900,3,2,,1278,7449,,Active,133,3 days,Single Family Home,1962,,"Owner carry option with 20% down and 9.5% rate. Buyer and buyer agent to verify all details - including sqft, dimensions, schools, etc."
03/12/2019,https://www.realtor.com/realestateandhomes-detail/3740-Kiestcrest-Dr_Dallas_TX_75233_M85434-07380,3740 Kiestcrest Dr,Dallas,TX,75233,245000,4,2,,1846,,0.26,Active,133,3 days,Single Family Home,1967,,"Large 2-story updated 4-bedroom in beautiful Kiest Forest. Backs up to Hike and Bike Trail. Fenced and gated yard. Large family room with built-in bookcases, wood-burning fireplace. Stainless steel appliances, granite countertops. 2-car garage. HUGE closets. Washer Dryer (electric) connections. Minutes from Jefferson Bishop Arts, best hiking and mountain bike trails in Dallas."
03/12/2019,https://www.realtor.com/realestateandhomes-detail/10650-Steppington-Dr-Apt-225_Dallas_TX_75230_M84182-96440,10650 Steppington Dr Unit 225H,Dallas,TX,75230,127000,,,,769,,4.78,Active,165,3 days,Condo/Townhome/Row Home/Co-Op,1979,Traditional,"Low Maintenance Urban Lifestyle - Enjoy living in this quiet, gated community with pool and beautifully maintained landscaping. This desirable community is a short commute to US-75, I-635, North Dallas Tollway, shopping, restaurants, SMU, and Uptown. Inside features updated flooring, paint, and 2 large walk-in closets. Washer & Dryer may stay. What more could you want? Schedule your appointment today."
03/12/2019,https://www.realtor.com/realestateandhomes-detail/5326-Fleetwood-Oaks-Ave-A149_Dallas_TX_75235_M70260-21322,5326 Fleetwood Oaks Dr Unit 149,Dallas,TX,75235,140000,,,,695,,3.04,Active,201,3 days,Condo/Townhome/Row Home/Co-Op,1963,,"One bedroom with gated parking. Impressively handsome, ground floor unit, with assigned parking directly in front of the unit's gated patio. Living area is light and open, with ceiling fans, wood and travertine natural stone floors that extend into the kitchen. Kitchen features beautiful cabinets, all SS appliances, and black granite countertops, with a large counter height seating area. Bedroom has new carpet, striking ceiling fan, patio doors, walk in closet and stacked washer dryer. Bath has wonderful cabinets, lots of travertine natural stone, contemporary lighting, and a glass doored tub shower combination."
03/12/2019,https://www.realtor.com/realestateandhomes-detail/5603-Fannie-St_Dallas_TX_75212_M88630-56382,5603 Fannie St,Dallas,TX,75212,185000,4,2,,1456,8015,,Active,127,3 days,Single Family Home,2017,,"BEAUTIFUL , FULLY UPDATED 4 BEDROOM 2 FULL BATHROOM HOUSE , LOCATED ON A CUL DU SAC , QUIET NEIGBORHOOD ."
03/12/2019,https://www.realtor.com/realestateandhomes-detail/10424-Hedgeway-Dr_Dallas_TX_75229_M86794-15475,10424 Hedgeway Dr,Dallas,TX,75229,1299500,5,5,,4297,,0.4,Active,302,3 days,Single Family Home,1957,Traditional,"Beautiful remodel and new addition with lots of natural light, enjoy many custom designer finishes throughout this exciting new listing! Open kitchen, living & dining floor plan, beautiful gray hardwood flooring, and a large great room upstairs. Spacious master bedroom has his and her closets as well as an elegant master bath. The downstairs features a guest room with ensuite bathroom as well as additional guest room or study. The upstairs features two bedrooms both with ensuite bathrooms. The gorgeous, landscaped backyard boasts a covered patio with built-in grill for entertaining and has plenty of room to add a pool to create your very own outdoor oasis. Too many impressive improvements to list!"
03/12/2019,https://www.realtor.com/realestateandhomes-detail/9651-Dale-Glade-Dr_Dallas_TX_75217_M70113-29952,9651 Dale Glade Dr,Dallas,TX,75217,169900,4,2,,1636,5968,,Active,104,3 days,Single Family Home,1972,,"Professionally remodeled brick home in nice neighborhood. Updates include new 30 year roof, new lowE windows, new exterior and interior paint, foundation repaired with lifetime warranty, new cabinets, granite counters new central heat and air plus much more. Great for First Time Home Buyers. Priced to sell; won't last long."
03/12/2019,https://www.realtor.com/realestateandhomes-detail/5319-Bent-Tree-Dr_Dallas_TX_75248_M83240-33630,5319 Bent Tree Dr,Dallas,TX,75248,2750000,5,6,1,8413,,0.51,Active,327,3 days,Single Family Home,2005,Traditional,"Custom build for the most discriminating of buyers. Stunning entry to exquisite formal dining & liv quarters. Magnificent study with gracious firplc overlooks perfectly landscaped grounds. Well equipped culinary center opens to warm den.All living quarters easily access the outdoor spaces by multiple sets of French doors.Master sanctuary occupying its own wing of the home offers sitting area, firplc and private access to outdoors.Lavish master bath features heated floor.Luxurious en suite guest quarter situated in its own domicile is located on the first floor.Elevator access to second floor with en suite bedrooms. Back yard resort oasis offers salt pool & spa, firplc, culinary spaces, & 4 entertainment areas."
03/12/2019,https://www.realtor.com/realestateandhomes-detail/2727-Pall-Mall-Ave_Dallas_TX_75241_M83980-89282,2727 N Pall Mall Ave,Dallas,TX,75241,178999,3,2,,1823,6098,,Active,98,3 days,Single Family Home,2019,Traditional,"Welcome home!! Fantastic Floor Plan 3 bedrooms, 2 baths, 1 car garage. Modern design throughout this beauty 9' ceiling across the house, Open kitchen floor plan which is perfect for entertaining your guests, Stainless steel appliance package, and Granite Counter tops, Walk in closet in Master. Tile floors through kitchen, living room and hallways. Truly move-in ready End of April. Buyer and buyers agent responsible for checking all MLS data including school and property info."
03/12/2019,https://www.realtor.com/realestateandhomes-detail/5614-Del-Roy-Dr_Dallas_TX_75230_M81566-11569,5614 Del Roy Dr,Dallas,TX,75230,1675000,5,5,1,5976,,0.35,Active,280,3 days,Single Family Home,2006,,"This light and bright home in Inwood Estates offer vaulted ceilings in living room with beautiful wood floors, stone fireplace, and built-in bookshelves. The gourmet kitchen has a built-in refrigerator and freezer, island with breakfast bar, butlers pantry, pot filler, and two sinks. The 5 bedrooms each have a private bath with Master and 1 guest suite down. Master has access to backyard, two large walk-in closets, and separate vanities. Upstairs features media room. The backyard rustic oasis greets you with beadboard patio ceiling, outdoor kitchen, stone fireplace, and heated pool. This is a must see."
03/12/2019,https://www.realtor.com/realestateandhomes-detail/8540-Van-Pelt-Dr_Dallas_TX_75228_M71748-57983,8540 Van Pelt Dr,Dallas,TX,75228,295000,3,2,,1960,7623,,Active,151,3 days,Single Family Home,1976,Traditional,"Stunning updates on this light & bright home on corner lot. Entertain friends & family in your NEW open kitchen featuring NEW cabinets, granite counter, backsplash, stainless steel appliances, large island. Large family room has sleek gas fireplace. Completely remodeled Master bathroom with oversized shower, frameless glass & new vanity with granite counter. Hall bathroom also updated with new vanity w granite counter. New flooring throughout the house includes warm hardwoods, carpet, stylish ceramic tile. Large covered patio is perfect for outdoor entertaining. Roof will be replaced before closing."
03/12/2019,https://www.realtor.com/realestateandhomes-detail/2923-Green-Meadow-Dr_Dallas_TX_75228_M79609-11138,2923 Green Meadow Dr,Dallas,TX,75228,340000,4,2,1,2300,9060,,Active,148,3 days,Single Family Home,1962,Traditional,"Gorgeous home on a landscaped interior lot, less than two miles from the Dallas Arboretum and White Rock Lake, featuring four bedrooms and two & half baths. The elegant interior is accentuated by high ceilings, decorative lights, and ceiling fans throughout the home. Huge living room with brick fireplace is perfect for entertaining. Spacious kitchen has granite counters and tons of built-ins. Remodeled master bathroom, vanity in master, 50 year metal roof, popcorn ceilings removed, cedar beams in living room, flagstone in backyard area, storage shed in back. Updated water heater, hardwood floors, paint throughout, brushed nickel fixtures, and outlets."
03/12/2019,https://www.realtor.com/realestateandhomes-detail/6251-Danbury-Ln_Dallas_TX_75214_M83804-99054,6251 Danbury Ln,Dallas,TX,75214,559000,4,2,1,2799,8886,,Active,200,3 days,Single Family Home,1968,Traditional,"Big & beautiful with traditional warmth, upgrades in all the right places, & still plenty of room to make it your own. Gorgeous 2 story home boasts hand-scraped hardwoods throughout the first floor, large living & dining areas, master suite with a fantastically large master closet! All guest rooms are upstairs & home to newly installed carpet with upgraded pad to help keep upstairs noise to a minimum. Spacious kitchen plumbed for gas and ready to be made your own. Ample laundry room is home to the walk-in pantry & leads to extra wide garage, storage or work space abounds! Large treed yards in both front and back with a beautiful board on board fence outback for privacy on the open patio. Make it yours today!"
03/12/2019,https://www.realtor.com/realestateandhomes-detail/4521-W-Amherst-Ave_Dallas_TX_75209_M70423-53590,4521 W Amherst Ave,Dallas,TX,75209,549000,2,2,,1478,7275,,Active Option Contract,371,3 days,Single Family Home,1939,Traditional,"This wonderful Briarwood cottage has an open floorplan with many updates throughout. The formal living room is open to the dining room. The updated kitchen has newer appliances, granite counters, bar stool seating and is open to the den with a great view of the backyard. The master bedroom has a walk-in closet with access to the laundry room. The master bath has dual sinks and lots of storage. The garage has a climate controlled studio and it could be converted back to a 2 car garage. Recent updates include: interior and exterior paint, restained wood floors, and new front yard landscaping. This home is in a wonderful location and is walking distance to many restaurants and shops."
03/12/2019,https://www.realtor.com/realestateandhomes-detail/4914-W-Amherst-Ave_Dallas_TX_75209_M71916-58106,4914 W Amherst Ave,Dallas,TX,75209,849000,3,2,,2372,6882,,Active,358,3 days,Single Family Home,1946,Traditional,Remarkable updated home in highly sought after area!
03/12/2019,https://www.realtor.com/realestateandhomes-detail/4106-Newton-Ave-Apt-110_Dallas_TX_75219_M81385-03591,4106 Newton Ave Apt 110,Dallas,TX,75219,190000,,,,667,,0.38,Active,285,3 days,Condo/Townhome/Row Home/Co-Op,1985,,"Adorable condo located in the Oak Lawn area! Nestled among the tree lined streets of this peaceful community. Minutes from all that Dallas urban living has to offer. Featuring tall ceilings, new carpet in master bedroom, original hardwood floors, updated bathroom. Fabulous custom made shelves in Dinning area. The only unit with very large storage located in covered garage space. This is a fantastic opportunity to own a beautiful move in ready home in a prime location! Gated complex with low HOA dues, this condo has great location & walking distance to restaurants, shops & Equinox. Must see it!"
03/12/2019,https://www.realtor.com/realestateandhomes-detail/4215-Roseland-Ave_Dallas_TX_75204_M83884-84818,4215 Roseland Ave,Dallas,TX,75204,609000,2,2,1,2272,3398,,Active,268,3 days,Single Family Home,2015,Contemporary,"Modern stunner featuring open kitchen and living area with quartz waterfall counters, custom cabinets, sealed concrete floors downstairs, solid bamboo flooring upstairs, spa-like baths, automatic blinds in master, floating vanity in master, extensive Elfa closet system, adjustable mood lighting, modern fixtures, statement powder, bath with geometric tiles and imported wallpaper, beautifully landscaped backyard with blooming flowers, grass with concrete pavers, shade tree and Italian lighting... An entertainer's dream located just minutes away from all the excitement on Knox-Henderson, Uptown, and Downtown. One previous owner and kept in immaculate condition."
03/12/2019,https://www.realtor.com/realestateandhomes-detail/3534-Peterborough-Mews_Dallas_TX_75236_M72325-26005,3534 Peterborough Mews,Dallas,TX,75236,298340,3,2,,1768,,0.25,Active,169,3 days,Single Family Home,2019,,MLS# 14039448 - Built by Kindred Homes - April completion! ~ Large Two story home with an open concept floor plan that includes 3 bedrooms. 2 baths and 2 car garage. This beautiful home sits on a corner lot with plenty of yard space.
03/12/2019,https://www.realtor.com/realestateandhomes-detail/7036-Freemont-St_Dallas_TX_75231_M75267-24938,7036 Freemont St,Dallas,TX,75231,414900,3,2,,1827,8581,,Active,227,3 days,Single Family Home,1960,Traditional,"Located in the heart of Merriman Park and walking distance to the elementary school, this beautiful 3 bedroom home is ready for new owners. This home offers a new kitchen with new cabinetry, new countertops, new stainless steel appliance and new flooring. New fixtures and lighting throughout. New HVAC system. 2 car garage. Formal living and dining rooms. New gutters. Generous room sizes and more! This one wont last!"
03/12/2019,https://www.realtor.com/realestateandhomes-detail/4115-Bowser-Ave-Apt-7_Dallas_TX_75219_M77144-17747?ex=TX643029567,4115 Bowser Ave Apt 7,Dallas,TX,75219,185000,2,,,820,,,Active,226,3 days,Condo/Townhome/Row Home/Co-Op,1957,Traditional,"Charming second floor remodeled two bedroom, one bath condominium. Nestled in quiet complex in the heart of Oak Lawn. Hardwood floors and abundant natural light. Updated open plan kitchen with stainless steel appliances. Located on courtyard with view of the pool. Covered reserved off street parking. Located minutes from Uptown, Downtown, Highland Park, North Dallas Tollway, SMU and Love Field Airport. Washer and dryer in unit. Pets are negotiable."
03/12/2019,https://www.realtor.com/realestateandhomes-detail/5514-Edlen-Dr_Dallas_TX_75220_M74058-09550,5514 Edlen Dr,Dallas,TX,75220,4799000,6,6,4,3332,,0.64,Active,1440,3 days,Single Family Home,2018,,"Gorgeous new construction! Almost complete, fabulous kitchen, great room, incredible pool, and still a HUGE backyard! Master suite on first floor is a sanctuary with a view of the soothing pool and yard. Wine cellar, great wet bar for stellar entertaining. This is truly a must see in an estate area of Preston Hollow. 3 car garage plus a port cochere for 4 covered parking spaces."
03/12/2019,https://www.realtor.com/realestateandhomes-detail/5858-Farquhar-Ln_Dallas_TX_75209_M85995-79934,5858 Farquhar Ln,Dallas,TX,75209,1095000,3,3,,3321,4487,,Active,330,3 days,Condo/Townhome/Row Home/Co-Op,1977,Traditional,"Beautifully crafted by renowned architect, this custom built Harwood K Smith designed 3 bed, 3 bath home in highly sought after Dallas, TX won't last long! Superior location & close proximity to Preston Center, Inwood Village, Galleria & more! No expense spared with updates including custom built cabinetry, custom door, seagrass carpet, indoor & outdoor atrium, new skylights, new roof & open-style living areas! The galley kitchen has built-in SS appliances w new sub-zero freezer! Spacious master boasts add'tl sitting area, exposed brick, patio access & en-suite bath with dual sinks, garden tub & extended walk-in closet! Enjoy the outdoor solarium covered patio space with add'tl patio nearby! 3D model available!"
03/12/2019,https://www.realtor.com/realestateandhomes-detail/412-W-7th-St_Dallas_TX_75208_M86431-63417,412 W 7th St,Dallas,TX,75208,610000,3,2,,1190,5793,,Active,513,3 days,Single Family Home,1945,Craftsman,"1940's Craftsman located in one of Dallas' Most Charming neighborhoods, Bishop Arts! Situated in the midst of popular restaurants, boutiques, & coffee shops! The home has hardwood floors, spacious backyard and still maintains a lot of its authentic character. Zoned Commercial Service District and the possibilities for this space are endless! All information contained herein deemed reliable but not guaranteed. Buyer(s) to verify all information including schools, square footage, zoning, etc."
03/12/2019,https://www.realtor.com/realestateandhomes-detail/5609-Goodwin-Ave_Dallas_TX_75206_M72161-07010?ex=TX643028647,5609 Goodwin Ave,Dallas,TX,75206,599000,6,2,,,8015,,Active,No Info,3 days,Multi-Family Home,1929,,"Fantastic updated duplex, with 1, 400 SF lower unit & 1, 300 SF upper unit. Ideal location on lower Greenville within walking distance to shops and restaurants including Blue Goose & Terilli's! Open floorpan with 10 ft ceilings, completely painted throughout with beautiful hardwood floors and NEST thermostats. Kitchen with brand new stainless appliances, subway tile, & granite. Huge back yard with a new fence, for your pets to run wild! Washer and Dryer are included in each unit. Great opportunity for someone looking for rental income!"
03/12/2019,https://www.realtor.com/realestateandhomes-detail/Maple_Shady-Oaks_14114-Greenhaw-Ln_Dallas_TX_75253_P412506265336,Shady Oaks - Maple 14114 Greenhaw Ln.,Dallas,TX,75253,197900,3,2,,1552,,,Active,128,3 days,single_family,,,"The Maple plan is a new home in the beautiful community of Shady Oaks.. This gorgeous one-story house features an open floor plan on the inside, 3 bedrooms and 2 full baths with over $10,000 in upgrades including energy efficient appliances, sprawling countertops, designer wood cabinets, and an attached two car garage. The large family room and outside covered patio highlights this wonderful home. The Maple can be found in the peaceful community of Shady Oaks which features several walking trails, a future family park and is located close to area schools."
03/12/2019,https://www.realtor.com/realestateandhomes-detail/Belton-II_University-Place_7946-Sunflower-Ln_Dallas_TX_75252_P412273255059,University Place - Belton II 7946 Sunflower Lane,Dallas,TX,75252,473999,3,2,1,2054,,,Active,231,3 days,single_family,,,"The Belton IIs sophistication matches the designs elegance and flexibility in the three-bedroom, and 2.5-bath floorplan.. From the stunning arched entryway, the long, traditional foyer leads to a bedroom and formal dining room, either of which can be an optional study. Overlooking the family room, which features a fireplace and a wall of windows looking out onto the covered patio, the gourmet island kitchen provides granite countertops and stainless steel GE appliances. The lavish master suite offers a huge walk-in closet and a pampering master bath with granite-countertop vanities flanking a soaker tub, along with a separate shower. *Square Footage subject to change due to optional rooms.*"
03/12/2019,https://www.realtor.com/realestateandhomes-detail/1500-Pecos-St-Apt-17_Dallas_TX_75204_M84335-50163,1500 Pecos St Apt 17,Dallas,TX,75204,344500,3,2,1,1637,,0.27,Active,210,3 days,Condo/Townhome/Row Home/Co-Op,2002,,"Situated in a gated community with mature trees and extra guest parking, this 3 bd, 2.5 bath townhome style condo features hardwood floors, open concept kitchen, living, dining, an attached two car garage with plenty of storage, full size washer and dryer connections on the second floor, and a magnificent master suite with 2 walk in closets, enormous on suite, and a balcony with views of the Dallas skyline. Conveniently located near West Village, Knox Henderson, Lower greenville, Deep Ellum, Baylor Hospital, downtown, 75, 35, 45, and so much more"
03/12/2019,https://www.realtor.com/realestateandhomes-detail/3783-5-Weeburn-Dr_Dallas_TX_75229_M84380-14279,3783-5 Weeburn Dr,Dallas,TX,75229,540000,6,4,2,,,0.35,Active,No Info,3 days,Multi-Family Home,1968,,"Large Duplex built in 1968. 3783 has just recently been renovated and is vacant for viewing. New Roof, Wood Fence repair. 3 large Bedroom, 2 and a Half Baths. Galley Kitchen, 5 Burner Electric Range, New Kitchen Cabinets, New Plumbing Fixtures Throughout, Double Oven, New Carpet in Bedrooms, New Porcelain Flooring in Living Areas, New Tile Batch enclosures with soap and shampoo niches. Electric Water Heater, Wood Burning Fireplace with Gas Starter. Projected Rent, $2, 000.00 per month. 3785 is the Occupied Unit Receiving $1, 200.00 per month with month to month lease. Tenant responsible for all utilities. Excellent Investment Opportunity!"
03/12/2019,https://www.realtor.com/realestateandhomes-detail/60'-Winsor-II-R-@-MC_Mercer-Crossing-West_1796-Prescott-Pl_Farmers-Branch_TX_75234_P415119679140,Mercer Crossing West - 60' Winsor II R @ MC 1796 Prescott Place,Farmers Branch,TX,75234,490950,4,2,1,2542,,,Active,193,3 days,single_family,,,"This 4 bedroom 2 bathroom single story plan comes with a study and powder room, along with a covered backyard patio and spacious gourmet kitchen.. Additional features include extensive trim work, custom architectural detail throughout, tile floors in all wet areas, gutters, security system and so much more!Dont forget, with every First Texas, Gallery Custom or Harwood Home you will have the flexibility to customize our plans to fit your family perfectly."
03/12/2019,https://www.realtor.com/realestateandhomes-detail/4020-Rawlins-St_Dallas_TX_75219_M76166-35641,4020 Rawlins St,Dallas,TX,75219,1985000,,,,,,0.35,Active,No Info,3 days,Multi-Family Home,1963,,"Located on one of the most coveted streets in Oak Lawn - 4020 Rawlins - represents one of the last true remaining value add properties left. Sitting on 15, 000 feet of land the property features 12 large and spacious units averaging over 800 square feet. The building has a majority of 2 bedroom 2 bath units with the remaining units being 1 bedrooms. The property has been converted into condominiums whereby you can sell each unit individually or keep them as a package for a long term hold. Recent condo sales have confirmed prices of over 275K a door in the area. Increase the rents 2X by implementing a renovation program to upgrade units."
03/12/2019,https://www.realtor.com/realestateandhomes-detail/2410-Anzio-Dr_Dallas_TX_75224_M86209-96479,2410 Anzio Dr,Dallas,TX,75224,129900,3,2,,1932,,0.38,Active,67,3 days,Single Family Home,1948,Traditional,"CALLING ALL INVESTORS!!! CASH offers ONLY! This is listed as a 3-2 but there are actually 4 bedrooms plus A very large utility area. Master has an adjacent BONUS room. There is outside access on both sides of the home. Could even be a great rental! Windows were recently replaced. Newer outside unit, ducts and furnace! Side yard is huge... backyard is huge... maybe future plans for an add-on...THERE ARE ENDLESS POSSIBILITIES WITH THIS HOME!!! Seller is taking highest, best and final!"
03/12/2019,https://www.realtor.com/realestateandhomes-detail/818-N-Windomere-Ave_Dallas_TX_75208_M81206-77754,818 N Windomere Ave,Dallas,TX,75208,149900,2,,,915,8189,,Active,164,3 days,Single Family Home,1921,Traditional,"2-1 Frame fixer upper in need of work. Property offered AS-IS, seller to make no repairs. Property will not qualify for traditional financing programs in its current condition."
03/12/2019,https://www.realtor.com/realestateandhomes-detail/11655-Audelia-Rd-Apt-1103_Dallas_TX_75243_M80008-22014,11655 Audelia Rd Apt 1103,Dallas,TX,75243,119000,2,2,1,1075,,4.2,Active,111,3 days,Condo/Townhome/Row Home/Co-Op,1982,,"GREAT LOCATION ! Larget unit in One Orleans Place. Two Story Condo with Spacious 2 bedrooms with attached bathrooms and walk-in closets up. Kitchen, Large living & dining area with a fireplace and half bath down. Charming patio & balcony overlook creek area. tankless water heater, roof replaced in 2016. Well Maintained gated community with pool to add the fun. Excellent Richardson schools & great central location for commuting just off of Skillman St & I-635(LBJ) Freeway."
03/12/2019,https://www.realtor.com/realestateandhomes-detail/725-Highfall-Dr_Dallas_TX_75232_M87859-64583,725 Highfall Dr,Dallas,TX,75232,149900,3,2,,1218,7754,,Active,123,3 days,Single Family Home,1956,Ranch,"Multiple Offer Status, please submit your highest and best offers by 7pm Monday, March 11, 2019. End your home search here with this beautiful, well kept, home located in the established Oakland Hills Subdivision. This lovely 3 bedroom, 2 bathroom home has been renovated with retro decor in mind and features Wood Floors, Decorative Lighting, Updated Kitchen and Bathrooms, New Tile Floors and New Paint. Imagine the endless spring and summer days and nights entertaining family and friends in this large back yard. This home is conveniently located close to major highways and only minutes to downtown Dallas, Love Field Airport, shopping, restaurants and entertainment venues. Make this home yours today!"
03/12/2019,https://www.realtor.com/realestateandhomes-detail/1606-Hollywood-Ave_Dallas_TX_75208_M87923-27613,1606 Hollywood Ave,Dallas,TX,75208,329900,2,2,,1315,6926,,Active,251,3 days,Single Family Home,1926,Tudor,"The highly coveted Hollywood Ave offers a COMPLETELY REMODELED 2-2-2 Tudor w OH SO MUCH CHARM!! The NEW kitchen comes w custom crafted shaker cabs, granite CT, new SS appliances, and a farm sink to boot! A well thought out mud-utility room adj to kitchen provides plenty of space for storage and a spot to put your muddy shoes on a rainy day! New AC, Roof, Low-e windows, lighting, hardware..EVERYTHING..NEW! Both bathRs have been rebuilt w beautiful taste! The home itself is stunning but the location is icing on the cake. Just south of Bishop Arts where all your fav shops and eateries are. Also a short distance from DART, major highways and iconic Dallas parks. This one truly has it all! Check... it... out...!"
03/12/2019,https://www.realtor.com/realestateandhomes-detail/5340-Bourquin-St_Dallas_TX_75210_M70457-63164,5340 Bourquin St,Dallas,TX,75210,113999,2,,,998,6534,,Active,114,3 days,Single Family Home,1939,Traditional,"This jewel will not last long! Completely renovated perfect for a starter home, investor or first time home buyer. Large living and dining room with tons of natural light. This 2 bedroom, 1 bathroom home has a large backyard giving your family plenty of space for gardening, playing or entertaining. Make your appointment today!"
03/12/2019,https://www.realtor.com/realestateandhomes-detail/8405-Creekwood-Dr_Dallas_TX_75228_M77696-62321,8405 Creekwood Dr,Dallas,TX,75228,275000,3,2,,1321,,0.35,Active,208,3 days,Single Family Home,1984,Traditional,"This gem of a home is your personal oasis, nestled in between Forest Hills and Casa Linda. The idyllic location - across the street from a scenic park and backing to Ash Creek -immediately makes you feel at peace in nature. A short 20 minute walk through tree lined streets takes you directly to White Rock Lake. Inside you'll find fresh colors, updated floors, and a versatile 3 bedroom floor plan. Enjoy the back yard serenity with hardly a neighbor in sight! Move-in ready, this home is waiting for your designer touches. Surrounded by homes selling at a much higher price, this is easily the best value in the area. Schedule a private tour today."
